type,label,survey,z,dv_over_rd,sigma_dv_over_rd,dm_over_rd,dh_over_rd,sigma_dm_over_rd,sigma_dh_over_rd,rho_dm_dh,values_path,cov_path
DV_over_rd,DESI BGS (compact),DESI DR1,2.950000000000e-01,7.925000000000e+00,1.230000000000e-01,,,,,,,
DM_over_rd__DH_over_rd,DESI LRG (compact),DESI DR1,5.100000000000e-01,,,1.362000000000e+01,2.098000000000e+01,2.500000000000e-01,6.100000000000e-01,-3.900000000000e-01,,
DM_over_rd__DH_over_rd,DESI ELG (compact),DESI DR1,9.300000000000e-01,,,2.171000000000e+01,1.788000000000e+01,2.800000000000e-01,3.500000000000e-01,1.500000000000e-01,,
DM_over_rd__DH_over_rd,DESI QSO (compact),DESI DR1,1.490000000000e+00,,,2.610000000000e+01,1.338000000000e+01,6.700000000000e-01,5.500000000000e-01,2.000000000000e-01,,
DM_over_rd__DH_over_rd,DESI LyA (compact),DESI DR1,2.330000000000e+00,,,3.970000000000e+01,8.520000000000e+00,9.500000000000e-01,1.700000000000e-01,3.600000000000e-01,,
